,Vandens naudojimo paskirtis,Administracinė teritorija,Matavimo vienetai,Laikotarpis,Reikšmė_x,Reikšmė_y,per_thousand
0,Paimta vandens iš viso,Šiaulių m. sav.,tūkst. m³,2015,4705.958,103726.0,45.369126352120006
1,Paimta požeminio vandens,Šiaulių m. sav.,tūkst. m³,2015,4696.634999999999,103726.0,45.27924531939917
2,Sunaudota vandens iš viso,Šiaulių m. sav.,tūkst. m³,2015,3910.958,103726.0,37.70470277461774
3,Sunaudota vandens ūkio ir buities reikmėms,Šiaulių m. sav.,tūkst. m³,2015,3643.898999999999,103726.0,35.1300445404238
4,Sunaudota vandens energetikos reikmėms,Šiaulių m. sav.,tūkst. m³,2015,114.348,103726.0,1.1024044116229297
5,Sunaudota vandens kitoms reikmėms,Šiaulių m. sav.,tūkst. m³,2015,,103726.0,
6,Sunaudota vandens pramonės reikmėms,Šiaulių m. sav.,tūkst. m³,2015,152.711,103726.0,1.4722538225710045
7,Sunaudota vandens žemės ūkio reikmėms,Šiaulių m. sav.,tūkst. m³,2015,,103726.0,
8,Sunaudota vandens žuvininkystės reikmėms,Šiaulių m. sav.,tūkst. m³,2015,,103726.0,
9,Sunaudota požeminio vandens,Šiaulių m. sav.,tūkst. m³,2015,3901.634999999999,103726.0,37.61482174189691
10,Paimta vandens iš viso,Šiaulių m. sav.,tūkst. m³,2016,4934.712,102143.0,48.311798165317256
11,Paimta požeminio vandens,Šiaulių m. sav.,tūkst. m³,2016,4920.951999999999,102143.0,48.17708506701389
12,Sunaudota vandens iš viso,Šiaulių m. sav.,tūkst. m³,2016,3912.147999999999,102143.0,38.30069608294253
13,Sunaudota vandens ūkio ir buities reikmėms,Šiaulių m. sav.,tūkst. m³,2016,3643.369999999999,102143.0,35.66930675621432
14,Sunaudota vandens energetikos reikmėms,Šiaulių m. sav.,tūkst. m³,2016,128.242,102143.0,1.255514327951989
15,Sunaudota vandens kitoms reikmėms,Šiaulių m. sav.,tūkst. m³,2016,,102143.0,
16,Sunaudota vandens pramonės reikmėms,Šiaulių m. sav.,tūkst. m³,2016,140.536,102143.0,1.3758749987762255
17,Sunaudota vandens žemės ūkio reikmėms,Šiaulių m. sav.,tūkst. m³,2016,,102143.0,
18,Sunaudota vandens žuvininkystės reikmėms,Šiaulių m. sav.,tūkst. m³,2016,,102143.0,
19,Sunaudota požeminio vandens,Šiaulių m. sav.,tūkst. m³,2016,3898.387999999999,102143.0,38.16598298463917
20,Paimta vandens iš viso,Šiaulių m. sav.,tūkst. m³,2017,4583.012,100693.0,45.514703107465266
21,Paimta požeminio vandens,Šiaulių m. sav.,tūkst. m³,2017,4570.282,100693.0,45.38827922497096
22,Sunaudota vandens iš viso,Šiaulių m. sav.,tūkst. m³,2017,4023.676,100693.0,39.95983832043935
23,Sunaudota vandens ūkio ir buities reikmėms,Šiaulių m. sav.,tūkst. m³,2017,3687.625999999999,100693.0,36.6224663084822
24,Sunaudota vandens energetikos reikmėms,Šiaulių m. sav.,tūkst. m³,2017,220.456,100693.0,2.189387544317877
25,Sunaudota vandens kitoms reikmėms,Šiaulių m. sav.,tūkst. m³,2017,,100693.0,
26,Sunaudota vandens pramonės reikmėms,Šiaulių m. sav.,tūkst. m³,2017,115.594,100693.0,1.1479844676392599
27,Sunaudota vandens žemės ūkio reikmėms,Šiaulių m. sav.,tūkst. m³,2017,,100693.0,
28,Sunaudota vandens žuvininkystės reikmėms,Šiaulių m. sav.,tūkst. m³,2017,,100693.0,
29,Sunaudota požeminio vandens,Šiaulių m. sav.,tūkst. m³,2017,4010.946,100693.0,39.83341443794504
30,Paimta vandens iš viso,Šiaulių m. sav.,tūkst. m³,2018,4627.475,100401.0,46.089929383173484
31,Paimta požeminio vandens,Šiaulių m. sav.,tūkst. m³,2018,4585.075,100401.0,45.66762283244191
32,Sunaudota vandens iš viso,Šiaulių m. sav.,tūkst. m³,2018,4063.002,100401.0,40.467744345175845
33,Sunaudota vandens ūkio ir buities reikmėms,Šiaulių m. sav.,tūkst. m³,2018,3748.166,100401.0,37.33195884503142
34,Sunaudota vandens energetikos reikmėms,Šiaulių m. sav.,tūkst. m³,2018,163.34,100401.0,1.626876226332407
35,Sunaudota vandens kitoms reikmėms,Šiaulių m. sav.,tūkst. m³,2018,,100401.0,
36,Sunaudota vandens pramonės reikmėms,Šiaulių m. sav.,tūkst. m³,2018,151.496,100401.0,1.508909273812014
37,Sunaudota vandens žemės ūkio reikmėms,Šiaulių m. sav.,tūkst. m³,2018,,100401.0,
38,Sunaudota vandens žuvininkystės reikmėms,Šiaulių m. sav.,tūkst. m³,2018,,100401.0,
39,Sunaudota požeminio vandens,Šiaulių m. sav.,tūkst. m³,2018,4020.602,100401.0,40.045437794444275
40,Paimta vandens iš viso,Šiaulių m. sav.,tūkst. m³,2019,4498.536999999999,100707.0,44.669556237401565
41,Paimta požeminio vandens,Šiaulių m. sav.,tūkst. m³,2019,4468.404,100707.0,44.370341684292065
42,Sunaudota vandens iš viso,Šiaulių m. sav.,tūkst. m³,2019,4060.909999999999,100707.0,40.32400925457018
43,Sunaudota vandens ūkio ir buities reikmėms,Šiaulių m. sav.,tūkst. m³,2019,3791.768,100707.0,37.651484008062994
44,Sunaudota vandens energetikos reikmėms,Šiaulių m. sav.,tūkst. m³,2019,132.459,100707.0,1.3152908933837766
45,Sunaudota vandens kitoms reikmėms,Šiaulių m. sav.,tūkst. m³,2019,,100707.0,
46,Sunaudota vandens pramonės reikmėms,Šiaulių m. sav.,tūkst. m³,2019,136.683,100707.0,1.3572343531234174
47,Sunaudota vandens žemės ūkio reikmėms,Šiaulių m. sav.,tūkst. m³,2019,,100707.0,
48,Sunaudota vandens žuvininkystės reikmėms,Šiaulių m. sav.,tūkst. m³,2019,,100707.0,
49,Sunaudota požeminio vandens,Šiaulių m. sav.,tūkst. m³,2019,4030.777,100707.0,40.02479470146068
50,Paimta vandens iš viso,Šiaulių m. sav.,tūkst. m³,2020,4305.879,102031.0,42.2016740010389
51,Paimta požeminio vandens,Šiaulių m. sav.,tūkst. m³,2020,4305.879,102031.0,42.2016740010389
52,Sunaudota vandens iš viso,Šiaulių m. sav.,tūkst. m³,2020,3993.255,102031.0,39.137664043280964
53,Sunaudota vandens ūkio ir buities reikmėms,Šiaulių m. sav.,tūkst. m³,2020,3739.297,102031.0,36.64863619880233
54,Sunaudota vandens energetikos reikmėms,Šiaulių m. sav.,tūkst. m³,2020,75.85,102031.0,0.7434015152257647
55,Sunaudota vandens kitoms reikmėms,Šiaulių m. sav.,tūkst. m³,2020,,102031.0,
56,Sunaudota vandens pramonės reikmėms,Šiaulių m. sav.,tūkst. m³,2020,178.108,102031.0,1.7456263292528742
57,Sunaudota vandens žemės ūkio reikmėms,Šiaulių m. sav.,tūkst. m³,2020,,102031.0,
58,Sunaudota vandens žuvininkystės reikmėms,Šiaulių m. sav.,tūkst. m³,2020,,102031.0,
59,Sunaudota požeminio vandens,Šiaulių m. sav.,tūkst. m³,2020,3993.255,102031.0,39.137664043280964
60,Paimta vandens iš viso,Kauno m. sav.,tūkst. m³,2015,23061.958,299535.0,76.99253175755754
61,Paimta požeminio vandens,Kauno m. sav.,tūkst. m³,2015,22280.342,299535.0,74.3831004723989
62,Sunaudota vandens iš viso,Kauno m. sav.,tūkst. m³,2015,17784.958,299535.0,59.3752249319779
63,Sunaudota vandens ūkio ir buities reikmėms,Kauno m. sav.,tūkst. m³,2015,15743.730999999998,299535.0,52.56057222027475
64,Sunaudota vandens energetikos reikmėms,Kauno m. sav.,tūkst. m³,2015,472.101,299535.0,1.5761129751114227
65,Sunaudota vandens kitoms reikmėms,Kauno m. sav.,tūkst. m³,2015,,299535.0,
66,Sunaudota vandens pramonės reikmėms,Kauno m. sav.,tūkst. m³,2015,1569.126,299535.0,5.238539736591717
67,Sunaudota vandens žemės ūkio reikmėms,Kauno m. sav.,tūkst. m³,2015,,299535.0,
68,Sunaudota vandens žuvininkystės reikmėms,Kauno m. sav.,tūkst. m³,2015,,299535.0,
69,Sunaudota požeminio vandens,Kauno m. sav.,tūkst. m³,2015,17003.342,299535.0,56.76579364681924
70,Paimta vandens iš viso,Kauno m. sav.,tūkst. m³,2016,23085.091,295585.0,78.09967014564339
71,Paimta požeminio vandens,Kauno m. sav.,tūkst. m³,2016,22460.924,295585.0,75.98803728200009
72,Sunaudota vandens iš viso,Kauno m. sav.,tūkst. m³,2016,18207.091,295585.0,61.596802950082036
73,Sunaudota vandens ūkio ir buities reikmėms,Kauno m. sav.,tūkst. m³,2016,16279.853000000001,295585.0,55.076722431787815
74,Sunaudota vandens energetikos reikmėms,Kauno m. sav.,tūkst. m³,2016,298.437,295585.0,1.0096486628211851
75,Sunaudota vandens kitoms reikmėms,Kauno m. sav.,tūkst. m³,2016,,295585.0,
76,Sunaudota vandens pramonės reikmėms,Kauno m. sav.,tūkst. m³,2016,1628.801,295585.0,5.510431855473045
77,Sunaudota vandens žemės ūkio reikmėms,Kauno m. sav.,tūkst. m³,2016,,295585.0,
78,Sunaudota vandens žuvininkystės reikmėms,Kauno m. sav.,tūkst. m³,2016,,295585.0,
79,Sunaudota požeminio vandens,Kauno m. sav.,tūkst. m³,2016,17582.924,295585.0,59.48517008643876
80,Paimta vandens iš viso,Kauno m. sav.,tūkst. m³,2017,23188.803,290289.0,79.88178332627142
81,Paimta požeminio vandens,Kauno m. sav.,tūkst. m³,2017,22549.462,290289.0,77.67935402305979
82,Sunaudota vandens iš viso,Kauno m. sav.,tūkst. m³,2017,18457.803,290289.0,63.584231576118974
83,Sunaudota vandens ūkio ir buities reikmėms,Kauno m. sav.,tūkst. m³,2017,16622.003,290289.0,57.26018898408138
84,Sunaudota vandens energetikos reikmėms,Kauno m. sav.,tūkst. m³,2017,358.243,290289.0,1.2340908542865903
85,Sunaudota vandens kitoms reikmėms,Kauno m. sav.,tūkst. m³,2017,,290289.0,
86,Sunaudota vandens pramonės reikmėms,Kauno m. sav.,tūkst. m³,2017,1477.557,290289.0,5.089951737751
87,Sunaudota vandens žemės ūkio reikmėms,Kauno m. sav.,tūkst. m³,2017,,290289.0,
88,Sunaudota vandens žuvininkystės reikmėms,Kauno m. sav.,tūkst. m³,2017,,290289.0,
89,Sunaudota požeminio vandens,Kauno m. sav.,tūkst. m³,2017,17818.462,290289.0,61.38180227290734
90,Paimta vandens iš viso,Kauno m. sav.,tūkst. m³,2018,24602.31,287574.0,85.5512320307121
91,Paimta požeminio vandens,Kauno m. sav.,tūkst. m³,2018,23900.64,287574.0,83.1112687516952
92,Sunaudota vandens iš viso,Kauno m. sav.,tūkst. m³,2018,19268.31,287574.0,67.00296271568362
93,Sunaudota vandens ūkio ir buities reikmėms,Kauno m. sav.,tūkst. m³,2018,17288.26,287574.0,60.11760451222989
94,Sunaudota vandens energetikos reikmėms,Kauno m. sav.,tūkst. m³,2018,474.699,287574.0,1.6507020801602372
95,Sunaudota vandens kitoms reikmėms,Kauno m. sav.,tūkst. m³,2018,,287574.0,
96,Sunaudota vandens pramonės reikmėms,Kauno m. sav.,tūkst. m³,2018,1505.35,287574.0,5.234652645927656
97,Sunaudota vandens žemės ūkio reikmėms,Kauno m. sav.,tūkst. m³,2018,,287574.0,
98,Sunaudota vandens žuvininkystės reikmėms,Kauno m. sav.,tūkst. m³,2018,,287574.0,
99,Sunaudota požeminio vandens,Kauno m. sav.,tūkst. m³,2018,18566.64,287574.0,64.56299943666674
100,Paimta vandens iš viso,Kauno m. sav.,tūkst. m³,2019,25328.264,287191.0,88.1930979731259
101,Paimta požeminio vandens,Kauno m. sav.,tūkst. m³,2019,24684.993,287191.0,85.95322625012622
102,Sunaudota vandens iš viso,Kauno m. sav.,tūkst. m³,2019,19407.172,287191.0,67.57583629013443
103,Sunaudota vandens ūkio ir buities reikmėms,Kauno m. sav.,tūkst. m³,2019,16514.814,287191.0,57.50463628734883
104,Sunaudota vandens energetikos reikmėms,Kauno m. sav.,tūkst. m³,2019,543.393,287191.0,1.8920962007862363
105,Sunaudota vandens kitoms reikmėms,Kauno m. sav.,tūkst. m³,2019,,287191.0,
106,Sunaudota vandens pramonės reikmėms,Kauno m. sav.,tūkst. m³,2019,2348.965,287191.0,8.179103801999366
107,Sunaudota vandens žemės ūkio reikmėms,Kauno m. sav.,tūkst. m³,2019,,287191.0,
108,Sunaudota vandens žuvininkystės reikmėms,Kauno m. sav.,tūkst. m³,2019,,287191.0,
109,Sunaudota požeminio vandens,Kauno m. sav.,tūkst. m³,2019,18763.900999999998,287191.0,65.33596456713475
110,Paimta vandens iš viso,Kauno m. sav.,tūkst. m³,2020,24819.305,292613.0,84.81955688913342
111,Paimta požeminio vandens,Kauno m. sav.,tūkst. m³,2020,24207.161,292613.0,82.72756507742308
112,Sunaudota vandens iš viso,Kauno m. sav.,tūkst. m³,2020,19802.101,292613.0,67.6733467070841
113,Sunaudota vandens ūkio ir buities reikmėms,Kauno m. sav.,tūkst. m³,2020,17014.29,292613.0,58.14604956034079
114,Sunaudota vandens energetikos reikmėms,Kauno m. sav.,tūkst. m³,2020,596.6,292613.0,2.0388704534658406
115,Sunaudota vandens kitoms reikmėms,Kauno m. sav.,tūkst. m³,2020,,292613.0,
116,Sunaudota vandens pramonės reikmėms,Kauno m. sav.,tūkst. m³,2020,2191.211,292613.0,7.488426693277468
117,Sunaudota vandens žemės ūkio reikmėms,Kauno m. sav.,tūkst. m³,2020,,292613.0,
118,Sunaudota vandens žuvininkystės reikmėms,Kauno m. sav.,tūkst. m³,2020,,292613.0,
119,Sunaudota požeminio vandens,Kauno m. sav.,tūkst. m³,2020,19189.957,292613.0,65.58135489537374
120,Paimta vandens iš viso,Alytaus m. sav.,tūkst. m³,2015,3059.0,55039.0,55.578771416631845
121,Paimta požeminio vandens,Alytaus m. sav.,tūkst. m³,2015,3059.0,55039.0,55.578771416631845
122,Sunaudota vandens iš viso,Alytaus m. sav.,tūkst. m³,2015,2642.0,55039.0,48.00232562364869
123,Sunaudota vandens ūkio ir buities reikmėms,Alytaus m. sav.,tūkst. m³,2015,2371.639,55039.0,43.09015425425607
124,Sunaudota vandens energetikos reikmėms,Alytaus m. sav.,tūkst. m³,2015,89.361,55039.0,1.6235941786733044
125,Sunaudota vandens kitoms reikmėms,Alytaus m. sav.,tūkst. m³,2015,,55039.0,
126,Sunaudota vandens pramonės reikmėms,Alytaus m. sav.,tūkst. m³,2015,181.0,55039.0,3.288577190719308
127,Sunaudota vandens žemės ūkio reikmėms,Alytaus m. sav.,tūkst. m³,2015,,55039.0,
128,Sunaudota vandens žuvininkystės reikmėms,Alytaus m. sav.,tūkst. m³,2015,,55039.0,
129,Sunaudota požeminio vandens,Alytaus m. sav.,tūkst. m³,2015,2642.0,55039.0,48.00232562364869
130,Paimta vandens iš viso,Alytaus m. sav.,tūkst. m³,2016,3091.0,53731.0,57.527311980048765
131,Paimta požeminio vandens,Alytaus m. sav.,tūkst. m³,2016,3091.0,53731.0,57.527311980048765
132,Sunaudota vandens iš viso,Alytaus m. sav.,tūkst. m³,2016,2609.0,53731.0,48.556699112244324
133,Sunaudota vandens ūkio ir buities reikmėms,Alytaus m. sav.,tūkst. m³,2016,2328.263,53731.0,43.3318382311887
134,Sunaudota vandens energetikos reikmėms,Alytaus m. sav.,tūkst. m³,2016,96.792,53731.0,1.8014181757272338
135,Sunaudota vandens kitoms reikmėms,Alytaus m. sav.,tūkst. m³,2016,,53731.0,
136,Sunaudota vandens pramonės reikmėms,Alytaus m. sav.,tūkst. m³,2016,183.945,53731.0,3.4234427053283953
137,Sunaudota vandens žemės ūkio reikmėms,Alytaus m. sav.,tūkst. m³,2016,,53731.0,
138,Sunaudota vandens žuvininkystės reikmėms,Alytaus m. sav.,tūkst. m³,2016,,53731.0,
139,Sunaudota požeminio vandens,Alytaus m. sav.,tūkst. m³,2016,2609.0,53731.0,48.556699112244324
140,Paimta vandens iš viso,Alytaus m. sav.,tūkst. m³,2017,2916.0,52051.0,56.02197844421817
141,Paimta požeminio vandens,Alytaus m. sav.,tūkst. m³,2017,2916.0,52051.0,56.02197844421817
142,Sunaudota vandens iš viso,Alytaus m. sav.,tūkst. m³,2017,2452.0,52051.0,47.10764442565945
143,Sunaudota vandens ūkio ir buities reikmėms,Alytaus m. sav.,tūkst. m³,2017,2209.542,52051.0,42.44955908628076
144,Sunaudota vandens energetikos reikmėms,Alytaus m. sav.,tūkst. m³,2017,76.237,52051.0,1.4646596607173732
145,Sunaudota vandens kitoms reikmėms,Alytaus m. sav.,tūkst. m³,2017,,52051.0,
146,Sunaudota vandens pramonės reikmėms,Alytaus m. sav.,tūkst. m³,2017,166.221,52051.0,3.193425678661313
147,Sunaudota vandens žemės ūkio reikmėms,Alytaus m. sav.,tūkst. m³,2017,,52051.0,
148,Sunaudota vandens žuvininkystės reikmėms,Alytaus m. sav.,tūkst. m³,2017,,52051.0,
149,Sunaudota požeminio vandens,Alytaus m. sav.,tūkst. m³,2017,2452.0,52051.0,47.10764442565945
150,Paimta vandens iš viso,Alytaus m. sav.,tūkst. m³,2018,2741.0,51062.0,53.67984019427363
151,Paimta požeminio vandens,Alytaus m. sav.,tūkst. m³,2018,2741.0,51062.0,53.67984019427363
152,Sunaudota vandens iš viso,Alytaus m. sav.,tūkst. m³,2018,2430.0,51062.0,47.58920527985586
153,Sunaudota vandens ūkio ir buities reikmėms,Alytaus m. sav.,tūkst. m³,2018,2207.317,51062.0,43.22817359288708
154,Sunaudota vandens energetikos reikmėms,Alytaus m. sav.,tūkst. m³,2018,64.17,51062.0,1.2567075320198975
155,Sunaudota vandens kitoms reikmėms,Alytaus m. sav.,tūkst. m³,2018,,51062.0,
156,Sunaudota vandens pramonės reikmėms,Alytaus m. sav.,tūkst. m³,2018,158.513,51062.0,3.104324154948886
157,Sunaudota vandens žemės ūkio reikmėms,Alytaus m. sav.,tūkst. m³,2018,,51062.0,
158,Sunaudota vandens žuvininkystės reikmėms,Alytaus m. sav.,tūkst. m³,2018,,51062.0,
159,Sunaudota požeminio vandens,Alytaus m. sav.,tūkst. m³,2018,2430.0,51062.0,47.58920527985586
160,Paimta vandens iš viso,Alytaus m. sav.,tūkst. m³,2019,2834.0,50084.0,56.58493730532705
161,Paimta požeminio vandens,Alytaus m. sav.,tūkst. m³,2019,2834.0,50084.0,56.58493730532705
162,Sunaudota vandens iš viso,Alytaus m. sav.,tūkst. m³,2019,2480.0,50084.0,49.5168117562495
163,Sunaudota vandens ūkio ir buities reikmėms,Alytaus m. sav.,tūkst. m³,2019,2246.553,50084.0,44.85570241993451
164,Sunaudota vandens energetikos reikmėms,Alytaus m. sav.,tūkst. m³,2019,22.245,50084.0,0.44415382157974603
165,Sunaudota vandens kitoms reikmėms,Alytaus m. sav.,tūkst. m³,2019,,50084.0,
166,Sunaudota vandens pramonės reikmėms,Alytaus m. sav.,tūkst. m³,2019,211.202,50084.0,4.216955514735244
167,Sunaudota vandens žemės ūkio reikmėms,Alytaus m. sav.,tūkst. m³,2019,,50084.0,
168,Sunaudota vandens žuvininkystės reikmėms,Alytaus m. sav.,tūkst. m³,2019,,50084.0,
169,Sunaudota požeminio vandens,Alytaus m. sav.,tūkst. m³,2019,2480.0,50084.0,49.5168117562495
170,Paimta vandens iš viso,Alytaus m. sav.,tūkst. m³,2020,3056.0,49607.0,61.60420908339549
171,Paimta požeminio vandens,Alytaus m. sav.,tūkst. m³,2020,3056.0,49607.0,61.60420908339549
172,Sunaudota vandens iš viso,Alytaus m. sav.,tūkst. m³,2020,2819.0,49607.0,56.826657528171424
173,Sunaudota vandens ūkio ir buities reikmėms,Alytaus m. sav.,tūkst. m³,2020,2471.206,49607.0,49.81567117543895
174,Sunaudota vandens energetikos reikmėms,Alytaus m. sav.,tūkst. m³,2020,53.108,49607.0,1.0705747172778035
175,Sunaudota vandens kitoms reikmėms,Alytaus m. sav.,tūkst. m³,2020,,49607.0,
176,Sunaudota vandens pramonės reikmėms,Alytaus m. sav.,tūkst. m³,2020,294.686,49607.0,5.940411635454674
177,Sunaudota vandens žemės ūkio reikmėms,Alytaus m. sav.,tūkst. m³,2020,,49607.0,
178,Sunaudota vandens žuvininkystės reikmėms,Alytaus m. sav.,tūkst. m³,2020,,49607.0,
179,Sunaudota požeminio vandens,Alytaus m. sav.,tūkst. m³,2020,2819.0,49607.0,56.826657528171424
180,Paimta vandens iš viso,Klaipėdos m. sav.,tūkst. m³,2015,51895.038,155096.0,334.59946097900655
181,Paimta požeminio vandens,Klaipėdos m. sav.,tūkst. m³,2015,10519.038,155096.0,67.82275493887657
182,Sunaudota vandens iš viso,Klaipėdos m. sav.,tūkst. m³,2015,50478.061,155096.0,325.4633323876825
183,Sunaudota vandens ūkio ir buities reikmėms,Klaipėdos m. sav.,tūkst. m³,2015,46593.03800000001,155096.0,300.4141821839377
184,Sunaudota vandens energetikos reikmėms,Klaipėdos m. sav.,tūkst. m³,2015,262.236,155096.0,1.69079795739413
185,Sunaudota vandens kitoms reikmėms,Klaipėdos m. sav.,tūkst. m³,2015,,155096.0,
186,Sunaudota vandens pramonės reikmėms,Klaipėdos m. sav.,tūkst. m³,2015,3622.787,155096.0,23.35835224635065
187,Sunaudota vandens žemės ūkio reikmėms,Klaipėdos m. sav.,tūkst. m³,2015,,155096.0,
188,Sunaudota vandens žuvininkystės reikmėms,Klaipėdos m. sav.,tūkst. m³,2015,,155096.0,
189,Sunaudota požeminio vandens,Klaipėdos m. sav.,tūkst. m³,2015,9102.061,155096.0,58.686626347552476
190,Paimta vandens iš viso,Klaipėdos m. sav.,tūkst. m³,2016,58900.846000000005,153030.0,384.8973795987715
191,Paimta požeminio vandens,Klaipėdos m. sav.,tūkst. m³,2016,10586.37,153030.0,69.17839639286414
192,Sunaudota vandens iš viso,Klaipėdos m. sav.,tūkst. m³,2016,57647.024000000005,153030.0,376.7040710971705
193,Sunaudota vandens ūkio ir buities reikmėms,Klaipėdos m. sav.,tūkst. m³,2016,53734.743,153030.0,351.13861987845524
194,Sunaudota vandens energetikos reikmėms,Klaipėdos m. sav.,tūkst. m³,2016,215.678,153030.0,1.4093837809579821
195,Sunaudota vandens kitoms reikmėms,Klaipėdos m. sav.,tūkst. m³,2016,,153030.0,
196,Sunaudota vandens pramonės reikmėms,Klaipėdos m. sav.,tūkst. m³,2016,3696.603,153030.0,24.1560674377573
197,Sunaudota vandens žemės ūkio reikmėms,Klaipėdos m. sav.,tūkst. m³,2016,,153030.0,
198,Sunaudota vandens žuvininkystės reikmėms,Klaipėdos m. sav.,tūkst. m³,2016,,153030.0,
199,Sunaudota požeminio vandens,Klaipėdos m. sav.,tūkst. m³,2016,9332.548,153030.0,60.985087891263156
200,Paimta vandens iš viso,Klaipėdos m. sav.,tūkst. m³,2017,68630.099,149860.0,457.9614239957294
201,Paimta požeminio vandens,Klaipėdos m. sav.,tūkst. m³,2017,10186.408,149860.0,67.97282797277458
202,Sunaudota vandens iš viso,Klaipėdos m. sav.,tūkst. m³,2017,67494.44900000001,149860.0,450.38335112771927
203,Sunaudota vandens ūkio ir buities reikmėms,Klaipėdos m. sav.,tūkst. m³,2017,63946.037000000004,149860.0,426.7051714933939
204,Sunaudota vandens energetikos reikmėms,Klaipėdos m. sav.,tūkst. m³,2017,212.108,149860.0,1.4153743493927664
205,Sunaudota vandens kitoms reikmėms,Klaipėdos m. sav.,tūkst. m³,2017,,149860.0,
206,Sunaudota vandens pramonės reikmėms,Klaipėdos m. sav.,tūkst. m³,2017,3336.304,149860.0,22.262805284932604
207,Sunaudota vandens žemės ūkio reikmėms,Klaipėdos m. sav.,tūkst. m³,2017,,149860.0,
208,Sunaudota vandens žuvininkystės reikmėms,Klaipėdos m. sav.,tūkst. m³,2017,,149860.0,
209,Sunaudota požeminio vandens,Klaipėdos m. sav.,tūkst. m³,2017,9050.758,149860.0,60.39475510476445
210,Paimta vandens iš viso,Klaipėdos m. sav.,tūkst. m³,2018,66896.04,148103.0,451.6859212845114
211,Paimta požeminio vandens,Klaipėdos m. sav.,tūkst. m³,2018,10518.05,148103.0,71.01848038189638
212,Sunaudota vandens iš viso,Klaipėdos m. sav.,tūkst. m³,2018,66038.23,148103.0,445.893938677812
213,Sunaudota vandens ūkio ir buities reikmėms,Klaipėdos m. sav.,tūkst. m³,2018,62536.32,148103.0,422.2488403340918
214,Sunaudota vandens energetikos reikmėms,Klaipėdos m. sav.,tūkst. m³,2018,216.838,148103.0,1.464102685293343
215,Sunaudota vandens kitoms reikmėms,Klaipėdos m. sav.,tūkst. m³,2018,,148103.0,
216,Sunaudota vandens pramonės reikmėms,Klaipėdos m. sav.,tūkst. m³,2018,3285.07,148103.0,22.180982154311526
217,Sunaudota vandens žemės ūkio reikmėms,Klaipėdos m. sav.,tūkst. m³,2018,,148103.0,
218,Sunaudota vandens žuvininkystės reikmėms,Klaipėdos m. sav.,tūkst. m³,2018,,148103.0,
219,Sunaudota požeminio vandens,Klaipėdos m. sav.,tūkst. m³,2018,9660.231,148103.0,65.22643700667778
220,Paimta vandens iš viso,Klaipėdos m. sav.,tūkst. m³,2019,74502.31,148511.0,501.66189709853137
221,Paimta požeminio vandens,Klaipėdos m. sav.,tūkst. m³,2019,10528.678,148511.0,70.89493707536815
222,Sunaudota vandens iš viso,Klaipėdos m. sav.,tūkst. m³,2019,73207.984,148511.0,492.94654268034014
223,Sunaudota vandens ūkio ir buities reikmėms,Klaipėdos m. sav.,tūkst. m³,2019,69777.61899999999,148511.0,469.8481526620923
224,Sunaudota vandens energetikos reikmėms,Klaipėdos m. sav.,tūkst. m³,2019,266.762,148511.0,1.7962440492623442
225,Sunaudota vandens kitoms reikmėms,Klaipėdos m. sav.,tūkst. m³,2019,,148511.0,
226,Sunaudota vandens pramonės reikmėms,Klaipėdos m. sav.,tūkst. m³,2019,3163.603,148511.0,21.302145968985464
227,Sunaudota vandens žemės ūkio reikmėms,Klaipėdos m. sav.,tūkst. m³,2019,,148511.0,
228,Sunaudota vandens žuvininkystės reikmėms,Klaipėdos m. sav.,tūkst. m³,2019,,148511.0,
229,Sunaudota požeminio vandens,Klaipėdos m. sav.,tūkst. m³,2019,9234.351999999999,148511.0,62.1795826571769
230,Paimta vandens iš viso,Klaipėdos m. sav.,tūkst. m³,2020,80452.176,149433.0,538.3829274658208
231,Paimta požeminio vandens,Klaipėdos m. sav.,tūkst. m³,2020,10371.931999999999,149433.0,69.40857775725576
232,Sunaudota vandens iš viso,Klaipėdos m. sav.,tūkst. m³,2020,79325.559,149433.0,530.8436489931943
233,Sunaudota vandens ūkio ir buities reikmėms,Klaipėdos m. sav.,tūkst. m³,2020,76058.836,149433.0,508.9828618845904
234,Sunaudota vandens energetikos reikmėms,Klaipėdos m. sav.,tūkst. m³,2020,219.337,149433.0,1.467794931507766
235,Sunaudota vandens kitoms reikmėms,Klaipėdos m. sav.,tūkst. m³,2020,,149433.0,
236,Sunaudota vandens pramonės reikmėms,Klaipėdos m. sav.,tūkst. m³,2020,3047.386,149433.0,20.39299217709609
237,Sunaudota vandens žemės ūkio reikmėms,Klaipėdos m. sav.,tūkst. m³,2020,,149433.0,
238,Sunaudota vandens žuvininkystės reikmėms,Klaipėdos m. sav.,tūkst. m³,2020,,149433.0,
239,Sunaudota požeminio vandens,Klaipėdos m. sav.,tūkst. m³,2020,9245.314999999999,149433.0,61.86929928462923
240,Paimta vandens iš viso,Vilniaus m. sav.,tūkst. m³,2015,35056.520000000004,543295.0,64.52575488454708
241,Paimta požeminio vandens,Vilniaus m. sav.,tūkst. m³,2015,31620.923000000003,543295.0,58.20212407623851
242,Sunaudota vandens iš viso,Vilniaus m. sav.,tūkst. m³,2015,29675.346000000005,543295.0,54.621054859698695
243,Sunaudota vandens ūkio ir buities reikmėms,Vilniaus m. sav.,tūkst. m³,2015,25637.974000000002,543295.0,47.18978455535207
244,Sunaudota vandens energetikos reikmėms,Vilniaus m. sav.,tūkst. m³,2015,2374.0,543295.0,4.369633440396102
245,Sunaudota vandens kitoms reikmėms,Vilniaus m. sav.,tūkst. m³,2015,,543295.0,
246,Sunaudota vandens pramonės reikmėms,Vilniaus m. sav.,tūkst. m³,2015,1552.972,543295.0,2.85843234338619
247,Sunaudota vandens žemės ūkio reikmėms,Vilniaus m. sav.,tūkst. m³,2015,,543295.0,
248,Sunaudota vandens žuvininkystės reikmėms,Vilniaus m. sav.,tūkst. m³,2015,110.4,543295.0,0.2032045205643343
249,Sunaudota požeminio vandens,Vilniaus m. sav.,tūkst. m³,2015,26239.749000000003,543295.0,48.29742405139013
250,Paimta vandens iš viso,Vilniaus m. sav.,tūkst. m³,2016,34294.672999999995,544513.0,62.98228508777567
251,Paimta požeminio vandens,Vilniaus m. sav.,tūkst. m³,2016,31343.110999999997,544513.0,57.561731308527065
252,Sunaudota vandens iš viso,Vilniaus m. sav.,tūkst. m³,2016,29937.341999999997,544513.0,54.980031698049444
253,Sunaudota vandens ūkio ir buities reikmėms,Vilniaus m. sav.,tūkst. m³,2016,26430.839999999997,544513.0,48.54032869738647
254,Sunaudota vandens energetikos reikmėms,Vilniaus m. sav.,tūkst. m³,2016,2122.0,544513.0,3.8970603089366094
255,Sunaudota vandens kitoms reikmėms,Vilniaus m. sav.,tūkst. m³,2016,,544513.0,
256,Sunaudota vandens pramonės reikmėms,Vilniaus m. sav.,tūkst. m³,2016,1274.126,544513.0,2.339936787551445
257,Sunaudota vandens žemės ūkio reikmėms,Vilniaus m. sav.,tūkst. m³,2016,,544513.0,
258,Sunaudota vandens žuvininkystės reikmėms,Vilniaus m. sav.,tūkst. m³,2016,110.376,544513.0,0.2027059041749233
259,Sunaudota požeminio vandens,Vilniaus m. sav.,tūkst. m³,2016,26985.78,544513.0,49.55947791880083
260,Paimta vandens iš viso,Vilniaus m. sav.,tūkst. m³,2017,34969.564999999995,546504.0,63.987756722732115
261,Paimta požeminio vandens,Vilniaus m. sav.,tūkst. m³,2017,31772.599,546504.0,58.13790749930467
262,Sunaudota vandens iš viso,Vilniaus m. sav.,tūkst. m³,2017,30868.218999999994,546504.0,56.48306142315517
263,Sunaudota vandens ūkio ir buities reikmėms,Vilniaus m. sav.,tūkst. m³,2017,27081.40299999999,546504.0,49.55389713524511
264,Sunaudota vandens energetikos reikmėms,Vilniaus m. sav.,tūkst. m³,2017,2287.0,546504.0,4.184781813124881
265,Sunaudota vandens kitoms reikmėms,Vilniaus m. sav.,tūkst. m³,2017,,546504.0,
266,Sunaudota vandens pramonės reikmėms,Vilniaus m. sav.,tūkst. m³,2017,1389.416,546504.0,2.5423711445844863
267,Sunaudota vandens žemės ūkio reikmėms,Vilniaus m. sav.,tūkst. m³,2017,,546504.0,
268,Sunaudota vandens žuvininkystės reikmėms,Vilniaus m. sav.,tūkst. m³,2017,110.4,546504.0,0.20201133020069387
269,Sunaudota požeminio vandens,Vilniaus m. sav.,tūkst. m³,2017,27671.252999999997,546504.0,50.633212199727716
270,Paimta vandens iš viso,Vilniaus m. sav.,tūkst. m³,2018,35871.43,549833.0,65.24059123406562
271,Paimta požeminio vandens,Vilniaus m. sav.,tūkst. m³,2018,33282.68,549833.0,60.53234345701331
272,Sunaudota vandens iš viso,Vilniaus m. sav.,tūkst. m³,2018,31980.54,549833.0,58.16409709857357
273,Sunaudota vandens ūkio ir buities reikmėms,Vilniaus m. sav.,tūkst. m³,2018,28785.1,549833.0,52.35244155952807
274,Sunaudota vandens energetikos reikmėms,Vilniaus m. sav.,tūkst. m³,2018,1689.498,549833.0,3.0727475433449793
275,Sunaudota vandens kitoms reikmėms,Vilniaus m. sav.,tūkst. m³,2018,,549833.0,
276,Sunaudota vandens pramonės reikmėms,Vilniaus m. sav.,tūkst. m³,2018,1395.549,549833.0,2.53813248750075
277,Sunaudota vandens žemės ūkio reikmėms,Vilniaus m. sav.,tūkst. m³,2018,,549833.0,
278,Sunaudota vandens žuvininkystės reikmėms,Vilniaus m. sav.,tūkst. m³,2018,110.4,549833.0,0.2007882393381263
279,Sunaudota požeminio vandens,Vilniaus m. sav.,tūkst. m³,2018,29391.79,549833.0,53.455849321521264
280,Paimta vandens iš viso,Vilniaus m. sav.,tūkst. m³,2019,36173.326,556767.0,64.97031253648295
281,Paimta požeminio vandens,Vilniaus m. sav.,tūkst. m³,2019,33306.901,556767.0,59.82197400348799
282,Sunaudota vandens iš viso,Vilniaus m. sav.,tūkst. m³,2019,31546.008,556767.0,56.65926321064287
283,Sunaudota vandens ūkio ir buities reikmėms,Vilniaus m. sav.,tūkst. m³,2019,27801.196,556767.0,49.933268315112066
284,Sunaudota vandens energetikos reikmėms,Vilniaus m. sav.,tūkst. m³,2019,1963.007,556767.0,3.5257244053616685
285,Sunaudota vandens kitoms reikmėms,Vilniaus m. sav.,tūkst. m³,2019,,556767.0,
286,Sunaudota vandens pramonės reikmėms,Vilniaus m. sav.,tūkst. m³,2019,1671.405,556767.0,3.0019828761402887
287,Sunaudota vandens žemės ūkio reikmėms,Vilniaus m. sav.,tūkst. m³,2019,,556767.0,
288,Sunaudota vandens žuvininkystės reikmėms,Vilniaus m. sav.,tūkst. m³,2019,110.4,556767.0,0.1982876140288487
289,Sunaudota požeminio vandens,Vilniaus m. sav.,tūkst. m³,2019,28679.583,556767.0,51.510924677647914
290,Paimta vandens iš viso,Vilniaus m. sav.,tūkst. m³,2020,35037.422,566215.0,61.880066759093275
291,Paimta požeminio vandens,Vilniaus m. sav.,tūkst. m³,2020,32273.678,566215.0,56.998980952465054
292,Sunaudota vandens iš viso,Vilniaus m. sav.,tūkst. m³,2020,31282.538999999997,566215.0,55.248516906122234
293,Sunaudota vandens ūkio ir buities reikmėms,Vilniaus m. sav.,tūkst. m³,2020,27553.947999999993,566215.0,48.663401711364045
294,Sunaudota vandens energetikos reikmėms,Vilniaus m. sav.,tūkst. m³,2020,1743.559,566215.0,3.0793232252766174
295,Sunaudota vandens kitoms reikmėms,Vilniaus m. sav.,tūkst. m³,2020,,566215.0,
296,Sunaudota vandens pramonės reikmėms,Vilniaus m. sav.,tūkst. m³,2020,1874.632,566215.0,3.3108130303859844
297,Sunaudota vandens žemės ūkio reikmėms,Vilniaus m. sav.,tūkst. m³,2020,,566215.0,
298,Sunaudota vandens žuvininkystės reikmėms,Vilniaus m. sav.,tūkst. m³,2020,110.4,566215.0,0.19497893909557326
299,Sunaudota požeminio vandens,Vilniaus m. sav.,tūkst. m³,2020,28518.795,566215.0,50.367431099494006
